{"cameraMode":{"drawMode":0,"name":"Shaded","section":"Shading Mode"},"sceneLighting":false,"audioPlay":false,"sceneViewState":{"showFog":true,"showMaterialUpdate":false,"showSkybox":false,"showFlares":true,"showImageEffects":true,"showParticleSystems":true,"showVisualEffectGraphs":true,"m_FxEnabled":true},"in2DMode":false,"pivot":{"x":741.7228393554688,"y":160.95301818847657,"z":-68.34902954101563},"rotation":{"x":-0.023996543139219285,"y":0.009598870761692524,"z":0.00023059279192239046,"w":0.9996666312217712},"size":0.8660253882408142,"orthographic":false}