{"cameraMode":{"drawMode":0,"name":"Shaded","section":"Shading Mode"},"sceneLighting":true,"audioPlay":false,"sceneViewState":{"showFog":true,"showMaterialUpdate":false,"showSkybox":true,"showFlares":true,"showImageEffects":true,"showParticleSystems":true,"showVisualEffectGraphs":true,"m_FxEnabled":true},"in2DMode":false,"pivot":{"x":4.151721954345703,"y":-1.5408997535705567,"z":-18.711347579956056},"rotation":{"x":0.0015054281102493406,"y":0.9901893138885498,"z":-0.1393468976020813,"w":0.010694878175854683},"size":13.90273380279541,"orthographic":false}