{"cameraMode":{"drawMode":0,"name":"Shaded","section":"Shading Mode"},"sceneLighting":true,"audioPlay":false,"sceneViewState":{"showFog":true,"showMaterialUpdate":false,"showSkybox":true,"showFlares":true,"showImageEffects":true,"showParticleSystems":true,"showVisualEffectGraphs":true,"m_FxEnabled":true},"in2DMode":false,"pivot":{"x":-1.0364298820495606,"y":1.0169994831085206,"z":-7.831484794616699},"rotation":{"x":-0.031214425340294839,"y":0.9555520415306091,"z":-0.10970688611268997,"w":-0.27187761664390566},"size":9.316360473632813,"orthographic":false}