{"cameraMode":{"drawMode":0,"name":"Shaded","section":"Shading Mode"},"sceneLighting":true,"audioPlay":false,"sceneViewState":{"showFog":true,"showMaterialUpdate":false,"showSkybox":true,"showFlares":true,"showImageEffects":true,"showParticleSystems":true,"showVisualEffectGraphs":true,"m_FxEnabled":true},"in2DMode":false,"pivot":{"x":3.925391435623169,"y":1.4679791927337647,"z":-8.23497200012207},"rotation":{"x":0.0015054281102493406,"y":0.9901893138885498,"z":-0.1393468976020813,"w":0.010694878175854683},"size":11.802732467651368,"orthographic":false}