{"cameraMode":{"drawMode":0,"name":"Shaded","section":"Shading Mode"},"sceneLighting":true,"audioPlay":false,"sceneViewState":{"showFog":true,"showMaterialUpdate":false,"showSkybox":true,"showFlares":true,"showImageEffects":true,"showParticleSystems":true,"showVisualEffectGraphs":true,"m_FxEnabled":true},"in2DMode":false,"pivot":{"x":4.086353302001953,"y":2.1786179542541506,"z":-8.361953735351563},"rotation":{"x":0.0007552026072517037,"y":0.99665766954422,"z":-0.08121687173843384,"w":0.009269636124372483},"size":9.677078247070313,"orthographic":false}